{
  "version": 1,
  "write": {
    "total_ops": 259837,
    "total_bytes": 1064292352,
    "ops_per_sec": 25818.632233316475,
    "throughput_mb_per_sec": 100.85403216139248,
    "p50_ms": 5.522792,
    "p95_ms": 7.3778749999999995,
    "p99_ms": 34.640333000000005
  },
  "read": {
    "total_ops": 329808,
    "total_bytes": 0,
    "ops_per_sec": 32945.357111373116,
    "throughput_mb_per_sec": 0.0,
    "p50_ms": 8.031417000000001,
    "p95_ms": 10.125292,
    "p99_ms": 12.909042000000001
  },
  "config": {
    "threads": 256,
    "duration_secs": 10,
    "value_size": 4096,
    "nosync": true,
    "report_interval_secs": 1,
    "part_id": null,
    "reuse_value": true
  },
  "recorded_at": 1775947134
}