{
  "version": 1,
  "write": {
    "total_ops": 2093,
    "total_bytes": 17557356544,
    "ops_per_sec": 199.51301203479468,
    "throughput_mb_per_sec": 1596.1040962783575,
    "p50_ms": 526.036607,
    "p95_ms": 955.0763460000001,
    "p99_ms": 1405.794208
  },
  "read": {
    "total_ops": 1030,
    "total_bytes": 8640266240,
    "ops_per_sec": 91.30827389570197,
    "throughput_mb_per_sec": 730.4661911656158,
    "p50_ms": 1387.089031,
    "p95_ms": 1937.453519,
    "p99_ms": 2360.2847159999997
  },
  "config": {
    "threads": 16,
    "duration_secs": 10,
    "value_size": 8388608,
    "nosync": true,
    "report_interval_secs": 1,
    "part_id": null,
    "reuse_value": true,
    "partition_count": 8,
    "group_commit_cap": null
  },
  "recorded_at": 1777048645
}