{
  "version": 1,
  "write": {
    "total_ops": 658010,
    "total_bytes": 2695208960,
    "ops_per_sec": 65571.94903143992,
    "throughput_mb_per_sec": 256.14042590406217,
    "p50_ms": 1.641098,
    "p95_ms": 2.954193,
    "p99_ms": 4.375691
  },
  "read": {
    "total_ops": 1024734,
    "total_bytes": 4197310464,
    "ops_per_sec": 102392.31922900451,
    "throughput_mb_per_sec": 399.9699969882989,
    "p50_ms": 1.127717,
    "p95_ms": 2.632812,
    "p99_ms": 2.9886209999999997
  },
  "config": {
    "threads": 16,
    "duration_secs": 10,
    "value_size": 4096,
    "nosync": true,
    "report_interval_secs": 1,
    "part_id": null,
    "reuse_value": true,
    "partition_count": 1,
    "group_commit_cap": null
  },
  "recorded_at": 1777048501
}