{
  "version": 1,
  "write": {
    "total_ops": 415092,
    "total_bytes": 1700216832,
    "ops_per_sec": 41389.11295716246,
    "throughput_mb_per_sec": 161.67622248891587,
    "p50_ms": 4.603328,
    "p95_ms": 5.939443,
    "p99_ms": 25.672299
  },
  "read": {
    "total_ops": 510626,
    "total_bytes": 2091524096,
    "ops_per_sec": 51013.68134342062,
    "throughput_mb_per_sec": 199.2721927477368,
    "p50_ms": 4.847569,
    "p95_ms": 5.3137289999999995,
    "p99_ms": 7.611314
  },
  "config": {
    "threads": 256,
    "duration_secs": 10,
    "value_size": 4096,
    "nosync": true,
    "report_interval_secs": 1,
    "part_id": null,
    "reuse_value": true,
    "partition_count": 1,
    "group_commit_cap": null
  },
  "recorded_at": 1776735603
}