{
  "version": 1,
  "write": {
    "total_ops": 328907,
    "total_bytes": 1347203072,
    "ops_per_sec": 30498.1499937305,
    "throughput_mb_per_sec": 119.13339841300977,
    "p50_ms": 5.266,
    "p95_ms": 6.9109169999999995,
    "p99_ms": 33.595875
  },
  "read": {
    "total_ops": 307653,
    "total_bytes": 0,
    "ops_per_sec": 30744.698361936396,
    "throughput_mb_per_sec": 0.0,
    "p50_ms": 7.919041,
    "p95_ms": 12.300834,
    "p99_ms": 12.660625
  },
  "config": {
    "threads": 256,
    "duration_secs": 10,
    "value_size": 4096,
    "nosync": true,
    "report_interval_secs": 1,
    "part_id": null,
    "reuse_value": true
  },
  "recorded_at": 1775948565
}