{
  "version": 1,
  "write": {
    "total_ops": 492479,
    "total_bytes": 2017193984,
    "ops_per_sec": 49123.34806536968,
    "throughput_mb_per_sec": 191.88807838035032,
    "p50_ms": 4.639962,
    "p95_ms": 5.622968,
    "p99_ms": 11.404975
  },
  "read": {
    "total_ops": 432652,
    "total_bytes": 1772142592,
    "ops_per_sec": 43231.11611683432,
    "throughput_mb_per_sec": 168.87154733138405,
    "p50_ms": 5.521567,
    "p95_ms": 6.92747,
    "p99_ms": 8.687278999999998
  },
  "config": {
    "threads": 256,
    "duration_secs": 10,
    "value_size": 4096,
    "nosync": true,
    "report_interval_secs": 1,
    "part_id": null,
    "reuse_value": true,
    "partition_count": 1,
    "group_commit_cap": null
  },
  "recorded_at": 1777006467
}