{
  "version": 1,
  "write": {
    "total_ops": 415089,
    "total_bytes": 1700204544,
    "ops_per_sec": 41477.73172855128,
    "throughput_mb_per_sec": 162.02238956465345,
    "p50_ms": 4.395167,
    "p95_ms": 6.297750000000001,
    "p99_ms": 71.716375
  },
  "read": {
    "total_ops": 1029454,
    "total_bytes": 0,
    "ops_per_sec": 102831.37629218197,
    "throughput_mb_per_sec": 0.0,
    "p50_ms": 2.345167,
    "p95_ms": 4.31575,
    "p99_ms": 5.411959
  },
  "config": {
    "threads": 256,
    "duration_secs": 10,
    "value_size": 4096,
    "nosync": true,
    "report_interval_secs": 1,
    "part_id": null,
    "reuse_value": true
  },
  "recorded_at": 1775186745
}