{
  "version": 1,
  "write": {
    "total_ops": 176829,
    "total_bytes": 724291584,
    "ops_per_sec": 17387.863028766416,
    "throughput_mb_per_sec": 67.92133995611881,
    "p50_ms": 4.629083,
    "p95_ms": 38.214875,
    "p99_ms": 334.806959
  },
  "read": {
    "total_ops": 777096,
    "total_bytes": 0,
    "ops_per_sec": 77616.77163732184,
    "throughput_mb_per_sec": 0.0,
    "p50_ms": 2.5932500000000003,
    "p95_ms": 6.486291,
    "p99_ms": 13.963375
  },
  "config": {
    "threads": 256,
    "duration_secs": 10,
    "value_size": 4096,
    "nosync": true,
    "report_interval_secs": 1,
    "part_id": null,
    "reuse_value": true
  },
  "recorded_at": 1775190057
}