{
  "version": 1,
  "write": {
    "total_ops": 65135,
    "total_bytes": 266792960,
    "ops_per_sec": 5938.040939598491,
    "throughput_mb_per_sec": 23.195472420306604,
    "p50_ms": 30.260292,
    "p95_ms": 32.633083,
    "p99_ms": 37.689458
  },
  "read": {
    "total_ops": 579074,
    "total_bytes": 0,
    "ops_per_sec": 57868.443929949375,
    "throughput_mb_per_sec": 0.0,
    "p50_ms": 4.328583,
    "p95_ms": 5.5045,
    "p99_ms": 7.206917
  },
  "config": {
    "threads": 256,
    "duration_secs": 10,
    "value_size": 4096,
    "nosync": true,
    "report_interval_secs": 1,
    "part_id": null,
    "reuse_value": true
  },
  "recorded_at": 1775882484
}