{
  "version": 1,
  "write": {
    "total_ops": 341732,
    "total_bytes": 1399734272,
    "ops_per_sec": 34124.96350073015,
    "throughput_mb_per_sec": 133.30063867472714,
    "p50_ms": 0.317829,
    "p95_ms": 0.422164,
    "p99_ms": 0.46465999999999996
  },
  "read": {
    "total_ops": 670754,
    "total_bytes": 2747408384,
    "ops_per_sec": 67032.58942896017,
    "throughput_mb_per_sec": 261.84605245687567,
    "p50_ms": 0.165375,
    "p95_ms": 0.217643,
    "p99_ms": 0.267451
  },
  "config": {
    "threads": 16,
    "duration_secs": 10,
    "value_size": 4096,
    "nosync": true,
    "report_interval_secs": 1,
    "part_id": null,
    "reuse_value": true,
    "partition_count": 1,
    "group_commit_cap": null
  },
  "recorded_at": 1777048698
}