{
  "version": 1,
  "write": {
    "total_ops": 598818,
    "total_bytes": 2452758528,
    "ops_per_sec": 59592.78562702118,
    "throughput_mb_per_sec": 232.78431885555148,
    "p50_ms": 0.169035,
    "p95_ms": 0.327681,
    "p99_ms": 0.409483
  },
  "read": {
    "total_ops": 2721375,
    "total_bytes": 11146752000,
    "ops_per_sec": 271519.56491338747,
    "throughput_mb_per_sec": 1060.6233004429198,
    "p50_ms": 0.041609,
    "p95_ms": 0.049559,
    "p99_ms": 0.056408
  },
  "config": {
    "threads": 16,
    "duration_secs": 10,
    "value_size": 4096,
    "nosync": true,
    "report_interval_secs": 1,
    "part_id": null,
    "reuse_value": true,
    "partition_count": 8,
    "group_commit_cap": null
  },
  "recorded_at": 1777050246
}