{
  "version": 1,
  "write": {
    "total_ops": 696610,
    "total_bytes": 2853314560,
    "ops_per_sec": 69371.00065721189,
    "throughput_mb_per_sec": 270.98047131723393,
    "p50_ms": 0.205789,
    "p95_ms": 0.346871,
    "p99_ms": 0.439017
  },
  "read": {
    "total_ops": 4688271,
    "total_bytes": 19203158016,
    "ops_per_sec": 466832.854608098,
    "throughput_mb_per_sec": 1823.5658383128828,
    "p50_ms": 0.030546999999999998,
    "p95_ms": 0.047817,
    "p99_ms": 0.103478
  },
  "config": {
    "threads": 16,
    "duration_secs": 10,
    "value_size": 4096,
    "nosync": true,
    "report_interval_secs": 1,
    "part_id": null,
    "reuse_value": true,
    "partition_count": 8,
    "group_commit_cap": null
  },
  "recorded_at": 1777013549
}