{
  "version": 1,
  "write": {
    "total_ops": 332821,
    "total_bytes": 1363234816,
    "ops_per_sec": 32861.720142026636,
    "throughput_mb_per_sec": 128.36609430479155,
    "p50_ms": 5.375958,
    "p95_ms": 7.1295,
    "p99_ms": 48.885958
  },
  "read": {
    "total_ops": 315082,
    "total_bytes": 0,
    "ops_per_sec": 31474.90440142606,
    "throughput_mb_per_sec": 0.0,
    "p50_ms": 7.891,
    "p95_ms": 11.944208,
    "p99_ms": 12.701917
  },
  "config": {
    "threads": 256,
    "duration_secs": 10,
    "value_size": 4096,
    "nosync": true,
    "report_interval_secs": 1,
    "part_id": null,
    "reuse_value": true
  },
  "recorded_at": 1775947295
}