{
  "version": 1,
  "write": {
    "total_ops": 1300224,
    "total_bytes": 5325717504,
    "ops_per_sec": 129198.54813230902,
    "throughput_mb_per_sec": 504.6818286418321,
    "p50_ms": 0.6900069999999999,
    "p95_ms": 0.93039,
    "p99_ms": 1.058463
  },
  "read": {
    "total_ops": 7679735,
    "total_bytes": 31456194560,
    "ops_per_sec": 763696.6562193754,
    "throughput_mb_per_sec": 2983.1900633569353,
    "p50_ms": 0.11101,
    "p95_ms": 0.16381199999999999,
    "p99_ms": 0.202109
  },
  "config": {
    "threads": 16,
    "duration_secs": 10,
    "value_size": 4096,
    "nosync": true,
    "report_interval_secs": 1,
    "part_id": null,
    "reuse_value": true,
    "partition_count": 8,
    "group_commit_cap": null
  },
  "recorded_at": 1777013853
}