{
  "version": 1,
  "write": {
    "total_ops": 268076,
    "total_bytes": 1098039296,
    "ops_per_sec": 25523.834704902085,
    "throughput_mb_per_sec": 99.70247931602377,
    "p50_ms": 5.392542000000001,
    "p95_ms": 8.017584,
    "p99_ms": 59.04775
  },
  "read": {
    "total_ops": 316692,
    "total_bytes": 0,
    "ops_per_sec": 31629.99804611363,
    "throughput_mb_per_sec": 0.0,
    "p50_ms": 7.784041,
    "p95_ms": 10.365041999999999,
    "p99_ms": 20.959083
  },
  "config": {
    "threads": 256,
    "duration_secs": 10,
    "value_size": 4096,
    "nosync": true,
    "report_interval_secs": 1,
    "part_id": null,
    "reuse_value": true
  },
  "recorded_at": 1775947708
}