{
  "version": 1,
  "write": {
    "total_ops": 1429030,
    "total_bytes": 5853306880,
    "ops_per_sec": 141987.77342103675,
    "throughput_mb_per_sec": 554.6397399259248,
    "p50_ms": 0.552882,
    "p95_ms": 1.254536,
    "p99_ms": 6.901064
  },
  "read": {
    "total_ops": 11218683,
    "total_bytes": 45951725568,
    "ops_per_sec": 1112102.0140630892,
    "throughput_mb_per_sec": 4344.148492433942,
    "p50_ms": 0.097569,
    "p95_ms": 0.19639500000000001,
    "p99_ms": 0.325892
  },
  "config": {
    "threads": 16,
    "duration_secs": 10,
    "value_size": 4096,
    "nosync": true,
    "report_interval_secs": 1,
    "part_id": null,
    "reuse_value": true,
    "partition_count": 8,
    "group_commit_cap": null
  },
  "recorded_at": 1777013570
}