{
  "version": 1,
  "write": {
    "total_ops": 418250,
    "total_bytes": 1713152000,
    "ops_per_sec": 41745.849489480715,
    "throughput_mb_per_sec": 163.06972456828404,
    "p50_ms": 0.33164,
    "p95_ms": 0.464272,
    "p99_ms": 1.769206
  },
  "read": {
    "total_ops": 598292,
    "total_bytes": 2450604032,
    "ops_per_sec": 59803.42452667771,
    "throughput_mb_per_sec": 233.6071270573348,
    "p50_ms": 0.21185,
    "p95_ms": 0.760146,
    "p99_ms": 1.1093469999999999
  },
  "config": {
    "threads": 16,
    "duration_secs": 10,
    "value_size": 4096,
    "nosync": true,
    "report_interval_secs": 1,
    "part_id": null,
    "reuse_value": true,
    "partition_count": 1,
    "group_commit_cap": null
  },
  "recorded_at": 1777013475
}