{
  "version": 1,
  "write": {
    "total_ops": 1322559,
    "total_bytes": 5417201664,
    "ops_per_sec": 131245.8924572448,
    "throughput_mb_per_sec": 512.6792674111125,
    "p50_ms": 0.502328,
    "p95_ms": 2.079144,
    "p99_ms": 12.817603
  },
  "read": {
    "total_ops": 11972003,
    "total_bytes": 49037324288,
    "ops_per_sec": 1180350.7645082267,
    "throughput_mb_per_sec": 4610.74517386026,
    "p50_ms": 0.09929400000000001,
    "p95_ms": 0.164155,
    "p99_ms": 0.25495
  },
  "config": {
    "threads": 16,
    "duration_secs": 10,
    "value_size": 4096,
    "nosync": true,
    "report_interval_secs": 1,
    "part_id": null,
    "reuse_value": true,
    "partition_count": 8,
    "group_commit_cap": null
  },
  "recorded_at": 1777788071
}