{
  "version": 1,
  "write": {
    "total_ops": 386670,
    "total_bytes": 1583800320,
    "ops_per_sec": 38589.03876949589,
    "throughput_mb_per_sec": 150.73843269334333,
    "p50_ms": 0.337888,
    "p95_ms": 0.648352,
    "p99_ms": 1.705411
  },
  "read": {
    "total_ops": 682909,
    "total_bytes": 2797195264,
    "ops_per_sec": 68257.92558588937,
    "throughput_mb_per_sec": 266.63252181988037,
    "p50_ms": 0.211375,
    "p95_ms": 0.345455,
    "p99_ms": 0.578137
  },
  "config": {
    "threads": 16,
    "duration_secs": 10,
    "value_size": 4096,
    "nosync": true,
    "report_interval_secs": 1,
    "part_id": null,
    "reuse_value": true,
    "partition_count": 1,
    "group_commit_cap": null
  },
  "recorded_at": 1777048460
}