{
  "version": 1,
  "write": {
    "total_ops": 1415945,
    "total_bytes": 5799710720,
    "ops_per_sec": 140627.04997988505,
    "throughput_mb_per_sec": 549.324413983926,
    "p50_ms": 1.259452,
    "p95_ms": 2.876789,
    "p99_ms": 14.938782
  },
  "read": {
    "total_ops": 5828679,
    "total_bytes": 23874269184,
    "ops_per_sec": 580869.8010558839,
    "throughput_mb_per_sec": 2269.0226603745464,
    "p50_ms": 0.427247,
    "p95_ms": 0.73746,
    "p99_ms": 0.909387
  },
  "config": {
    "threads": 256,
    "duration_secs": 10,
    "value_size": 4096,
    "nosync": true,
    "report_interval_secs": 1,
    "part_id": null,
    "reuse_value": true,
    "partition_count": 8,
    "group_commit_cap": null
  },
  "recorded_at": 1777006521
}