{
  "version": 1,
  "write": {
    "total_ops": 259870,
    "total_bytes": 1064427520,
    "ops_per_sec": 25583.24585352088,
    "throughput_mb_per_sec": 99.93455411531593,
    "p50_ms": 5.295792,
    "p95_ms": 7.214459000000001,
    "p99_ms": 93.82024999999999
  },
  "read": {
    "total_ops": 342652,
    "total_bytes": 0,
    "ops_per_sec": 34229.95868637727,
    "throughput_mb_per_sec": 0.0,
    "p50_ms": 7.606333,
    "p95_ms": 9.695832999999999,
    "p99_ms": 12.9415
  },
  "config": {
    "threads": 256,
    "duration_secs": 10,
    "value_size": 4096,
    "nosync": true,
    "report_interval_secs": 1,
    "part_id": null,
    "reuse_value": true
  },
  "recorded_at": 1775946661
}