{
  "version": 1,
  "write": {
    "total_ops": 327267,
    "total_bytes": 1340485632,
    "ops_per_sec": 32665.575123996456,
    "throughput_mb_per_sec": 127.59990282811115,
    "p50_ms": 0.334702,
    "p95_ms": 0.450512,
    "p99_ms": 0.5044649999999999
  },
  "read": {
    "total_ops": 700954,
    "total_bytes": 2871107584,
    "ops_per_sec": 70051.42526682475,
    "throughput_mb_per_sec": 273.6383799485342,
    "p50_ms": 0.163224,
    "p95_ms": 0.195245,
    "p99_ms": 0.21668300000000001
  },
  "config": {
    "threads": 16,
    "duration_secs": 10,
    "value_size": 4096,
    "nosync": true,
    "report_interval_secs": 1,
    "part_id": null,
    "reuse_value": true,
    "partition_count": 1,
    "group_commit_cap": null
  },
  "recorded_at": 1777013669
}