{
  "version": 1,
  "write": {
    "total_ops": 821,
    "total_bytes": 6887047168,
    "ops_per_sec": 70.02236483799422,
    "throughput_mb_per_sec": 560.1789187039537,
    "p50_ms": 1780.615317,
    "p95_ms": 1857.2242860000001,
    "p99_ms": 1866.34912
  },
  "read": {
    "total_ops": 758,
    "total_bytes": 6358564864,
    "ops_per_sec": 63.22562064319677,
    "throughput_mb_per_sec": 505.80496514557416,
    "p50_ms": 2026.649521,
    "p95_ms": 2058.280886,
    "p99_ms": 2195.601402
  },
  "config": {
    "threads": 16,
    "duration_secs": 10,
    "value_size": 8388608,
    "nosync": true,
    "report_interval_secs": 1,
    "part_id": null,
    "reuse_value": true,
    "partition_count": 1,
    "group_commit_cap": null
  },
  "recorded_at": 1777048524
}