{
  "version": 1,
  "write": {
    "total_ops": 28753,
    "total_bytes": 117772288,
    "ops_per_sec": 355.72094636256173,
    "throughput_mb_per_sec": 1.3895349467287568,
    "p50_ms": 0.314055,
    "p95_ms": 110.224027,
    "p99_ms": 156.83022499999998
  },
  "read": {
    "total_ops": 1246671,
    "total_bytes": 5106364416,
    "ops_per_sec": 36917.0816050041,
    "throughput_mb_per_sec": 144.20735001954728,
    "p50_ms": 0.057725,
    "p95_ms": 0.158665,
    "p99_ms": 0.195828
  },
  "config": {
    "threads": 16,
    "duration_secs": 10,
    "value_size": 4096,
    "nosync": true,
    "report_interval_secs": 1,
    "part_id": null,
    "reuse_value": true,
    "partition_count": 8,
    "group_commit_cap": null
  },
  "recorded_at": 1777050717
}