{
  "version": 1,
  "write": {
    "total_ops": 260225,
    "total_bytes": 1065881600,
    "ops_per_sec": 25933.8270585215,
    "throughput_mb_per_sec": 101.30401194734961,
    "p50_ms": 5.558667,
    "p95_ms": 8.492583999999999,
    "p99_ms": 72.286042
  },
  "read": {
    "total_ops": 317248,
    "total_bytes": 0,
    "ops_per_sec": 31688.903076781404,
    "throughput_mb_per_sec": 0.0,
    "p50_ms": 8.247916,
    "p95_ms": 12.423667,
    "p99_ms": 13.571
  },
  "config": {
    "threads": 256,
    "duration_secs": 10,
    "value_size": 4096,
    "nosync": true,
    "report_interval_secs": 1,
    "part_id": null,
    "reuse_value": true
  },
  "recorded_at": 1775945606
}